{"P": [82.24043715846994, 88.26815642458101, 85.15406162464986, 86.11111111111111, 85.6353591160221, 85.3125, 88.20224719101124, 91.96428571428571], "R": [76.78571428571429, 82.93963254593176, 80.21108179419525, 73.42105263157895, 82.22811671087533, 81.49253731343283, 79.09319899244332, 83.06451612903226], "F1": [79.41952506596307, 85.52097428958052, 82.60869565217392, 79.26136363636364, 83.89715832205684, 83.3587786259542, 83.39973439575034, 87.28813559322032]}