{"P": [81.58640226628894, 83.7465564738292, 83.42541436464089, 83.88059701492537, 85.45454545454545, 82.48407643312102, 86.15819209039547, 88.72832369942196], "R": [73.46938775510205, 79.79002624671917, 79.68337730870712, 73.94736842105263, 74.80106100795756, 77.31343283582089, 76.82619647355163, 82.52688172043011], "F1": [77.31543624161075, 81.72043010752688, 81.5114709851552, 78.6013986013986, 79.77369165487978, 79.81510015408321, 81.22503328894807, 85.51532033426183]}