{"P": [84.19689119170984, 83.6272040302267, 83.88888888888889, 85.63218390804597, 88.38709677419355, 83.28690807799443, 82.83582089552239, 86.3517060367454], "R": [82.90816326530613, 87.13910761154857, 79.68337730870712, 78.42105263157895, 72.67904509283821, 89.25373134328358, 83.87909319899244, 88.44086021505376], "F1": [83.54755784061697, 85.34704370179949, 81.73207036535858, 81.86813186813187, 79.76710334788937, 86.1671469740634, 83.35419274092615, 87.38379814077025]}