{"P": [89.79057591623037, 91.2928759894459, 90.25069637883009, 88.82978723404256, 92.73255813953489, 92.14501510574019, 92.06349206349206, 92.24376731301939], "R": [87.5, 90.81364829396325, 85.4881266490765, 87.89473684210526, 84.61538461538461, 91.04477611940298, 87.6574307304786, 89.51612903225806], "F1": [88.63049095607235, 91.05263157894736, 87.80487804878048, 88.35978835978835, 88.4882108183079, 91.59159159159161, 89.80645161290323, 90.85948158253751]}