{"P": [88.26530612244898, 92.06798866855524, 86.64987405541562, 87.63157894736841, 89.94413407821229, 89.47368421052632, 92.36842105263158, 91.46666666666667], "R": [88.26530612244898, 85.30183727034121, 90.76517150395779, 87.63157894736841, 85.41114058355438, 91.34328358208955, 88.41309823677582, 92.20430107526882], "F1": [88.26530612244898, 88.55585831062672, 88.65979381443299, 87.63157894736841, 87.61904761904763, 90.39881831610045, 90.34749034749034, 91.83400267737618]}