{"P": [90.33942558746736, 91.57894736842105, 86.64987405541562, 86.08247422680412, 90.76086956521739, 89.67551622418878, 89.46015424164524, 91.15281501340483], "R": [88.26530612244898, 91.33858267716536, 90.76517150395779, 87.89473684210526, 88.59416445623343, 90.74626865671642, 87.6574307304786, 91.39784946236558], "F1": [89.29032258064515, 91.45860709592642, 88.65979381443299, 86.97916666666666, 89.66442953020135, 90.20771513353117, 88.54961832061069, 91.2751677852349]}